﻿<parameters>
  <parameter name="IIS Web Application Name" defaultValue="Default Web Site/MvcApplication4_deploy" tags="IisApp">
    <parameterEntry kind="ProviderPath" scope="IisApp" match="^E:\\c\#workspace\\MvcApplication4\\MvcApplication4\\obj\\Debug\\Package\\PackageTmp$" />
    <parameterEntry kind="ProviderPath" scope="setAcl" match="^E:\\c\#workspace\\MvcApplication4\\MvcApplication4\\obj\\Debug\\Package\\PackageTmp$" />
  </parameter>
  <parameter name="ApplicationServices-Web.config Connection String" description="ApplicationServices 应用程序在 web.config 中用来访问数据库的连接字符串。" defaultValue="data source=.\SQLEXPRESS;Integrated Security=SSPI;AttachDBFilename=|DataDirectory|\aspnetdb.mdf;User Instance=true" tags="SqlConnectionString">
    <parameterEntry kind="XmlFile" scope="obj\\Debug\\Package\\PackageTmp\\Web\.config$" match="/configuration/connectionStrings/add[@name='ApplicationServices']/@connectionString" />
  </parameter>
  <parameter name="myDB-Web.config Connection String" description="myDB 应用程序在 web.config 中用来访问数据库的连接字符串。" defaultValue="server= 192.168.0.68\sql2008;database=Person;uid=sa;pwd=123" tags="SqlConnectionString">
    <parameterEntry kind="XmlFile" scope="obj\\Debug\\Package\\PackageTmp\\Web\.config$" match="/configuration/connectionStrings/add[@name='myDB']/@connectionString" />
  </parameter>
</parameters>